state,year,ethnicity,population
Johor,2016,overall,3651.8
Johor,2016,bumi_malay,1908.6
Johor,2016,bumi_other,59
Johor,2016,chinese,1085.4
Johor,2016,indian,232.5
Johor,2016,other_citizen,18.4
Johor,2016,other_noncitizen,347.4
Johor,2017,overall,3697
Johor,2017,bumi_malay,1937
Johor,2017,bumi_other,60.9
Johor,2017,chinese,1092.8
Johor,2017,indian,235.6
Johor,2017,other_citizen,18.6
Johor,2017,other_noncitizen,352.5
Johor,2018,overall,3749.4
Johor,2018,bumi_malay,1971.3
Johor,2018,bumi_other,64.5
Johor,2018,chinese,1098.6
Johor,2018,indian,239.1
Johor,2018,other_citizen,18.6
Johor,2018,other_noncitizen,357.2
Johor,2019,overall,3761.2
Johor,2019,bumi_malay,2005.5
Johor,2019,bumi_other,68
Johor,2019,chinese,1103.9
Johor,2019,indian,241.8
Johor,2019,other_citizen,18.5
Johor,2019,other_noncitizen,323.8
Johor,2020,overall,4009.7
Johor,2020,bumi_malay,2158.4
Johor,2020,bumi_other,60.8
Johor,2020,chinese,1208.7
Johor,2020,indian,244.3
Johor,2020,other_citizen,18.4
Johor,2020,other_noncitizen,319.2
Johor,2021,overall,4020
Johor,2021,bumi_malay,2188.7
Johor,2021,bumi_other,57.5
Johor,2021,chinese,1211.5
Johor,2021,indian,244.9
Johor,2021,other_citizen,18.8
Johor,2021,other_noncitizen,298.7
Johor,2022,overall,4028.3
Johor,2022,bumi_malay,2208.6
Johor,2022,bumi_other,58.3
Johor,2022,chinese,1210.1
Johor,2022,indian,244.7
Johor,2022,other_citizen,19
Johor,2022,other_noncitizen,287.6
Johor,2023,overall,4107.2
Johor,2023,bumi_malay,2233.8
Johor,2023,bumi_other,59.3
Johor,2023,chinese,1211.1
Johor,2023,indian,245.8
Johor,2023,other_citizen,19.3
Johor,2023,other_noncitizen,337.9
Johor,2024,overall,4184.4
Johor,2024,bumi_malay,2257.2
Johor,2024,bumi_other,60.4
Johor,2024,chinese,1212.2
Johor,2024,indian,247.1
Johor,2024,other_citizen,19.6
Johor,2024,other_noncitizen,387.9
Johor,2025,overall,4205.9
Johor,2025,bumi_malay,2277.7
Johor,2025,bumi_other,61.3
Johor,2025,chinese,1213.7
Johor,2025,indian,248.1
Johor,2025,other_citizen,19.9
Johor,2025,other_noncitizen,385.1
Kedah,2016,overall,2119.7
Kedah,2016,bumi_malay,1603
Kedah,2016,bumi_other,3.6
Kedah,2016,chinese,257.3
Kedah,2016,indian,140.5
Kedah,2016,other_citizen,20.4
Kedah,2016,other_noncitizen,94.4
Kedah,2017,overall,2143.9
Kedah,2017,bumi_malay,1625.4
Kedah,2017,bumi_other,3.8
Kedah,2017,chinese,256.5
Kedah,2017,indian,141
Kedah,2017,other_citizen,21.3
Kedah,2017,other_noncitizen,95.9
Kedah,2018,overall,2163
Kedah,2018,bumi_malay,1643
Kedah,2018,bumi_other,3.3
Kedah,2018,chinese,257.8
Kedah,2018,indian,140.9
Kedah,2018,other_citizen,21.6
Kedah,2018,other_noncitizen,96.4
Kedah,2019,overall,2173.7
Kedah,2019,bumi_malay,1661
Kedah,2019,bumi_other,2.4
Kedah,2019,chinese,259.1
Kedah,2019,indian,140.8
Kedah,2019,other_citizen,22
Kedah,2019,other_noncitizen,88.2
Kedah,2020,overall,2131.4
Kedah,2020,bumi_malay,1624.8
Kedah,2020,bumi_other,8
Kedah,2020,chinese,250.6
Kedah,2020,indian,129.1
Kedah,2020,other_citizen,25.7
Kedah,2020,other_noncitizen,93.3
Kedah,2021,overall,2151.7
Kedah,2021,bumi_malay,1653
Kedah,2021,bumi_other,4.6
Kedah,2021,chinese,250.6
Kedah,2021,indian,129.1
Kedah,2021,other_citizen,25.7
Kedah,2021,other_noncitizen,88.8
Kedah,2022,overall,2163.1
Kedah,2022,bumi_malay,1665.5
Kedah,2022,bumi_other,4.7
Kedah,2022,chinese,249.5
Kedah,2022,indian,128.6
Kedah,2022,other_citizen,25.7
Kedah,2022,other_noncitizen,89.1
Kedah,2023,overall,2189.3
Kedah,2023,bumi_malay,1682
Kedah,2023,bumi_other,4.7
Kedah,2023,chinese,248.6
Kedah,2023,indian,128.6
Kedah,2023,other_citizen,25.8
Kedah,2023,other_noncitizen,99.6
Kedah,2024,overall,2217.1
Kedah,2024,bumi_malay,1697.5
Kedah,2024,bumi_other,4.8
Kedah,2024,chinese,247.6
Kedah,2024,indian,128.5
Kedah,2024,other_citizen,25.8
Kedah,2024,other_noncitizen,112.8
Kedah,2025,overall,2228
Kedah,2025,bumi_malay,1711.3
Kedah,2025,bumi_other,4.9
Kedah,2025,chinese,246.7
Kedah,2025,indian,128.4
Kedah,2025,other_citizen,25.9
Kedah,2025,other_noncitizen,111
Kelantan,2016,overall,1796.7
Kelantan,2016,bumi_malay,1653.6
Kelantan,2016,bumi_other,19.4
Kelantan,2016,chinese,55.4
Kelantan,2016,indian,4.8
Kelantan,2016,other_citizen,11
Kelantan,2016,other_noncitizen,52.4
Kelantan,2017,overall,1829
Kelantan,2017,bumi_malay,1683.4
Kelantan,2017,bumi_other,20.6
Kelantan,2017,chinese,55.8
Kelantan,2017,indian,4.8
Kelantan,2017,other_citizen,11.3
Kelantan,2017,other_noncitizen,53.5
Kelantan,2018,overall,1860.5
Kelantan,2018,bumi_malay,1713.1
Kelantan,2018,bumi_other,20.6
Kelantan,2018,chinese,56.3
Kelantan,2018,indian,4.8
Kelantan,2018,other_citizen,11.4
Kelantan,2018,other_noncitizen,54.2
Kelantan,2019,overall,1883.8
Kelantan,2019,bumi_malay,1740.4
Kelantan,2019,bumi_other,20.9
Kelantan,2019,chinese,56.8
Kelantan,2019,indian,4.8
Kelantan,2019,other_citizen,11.5
Kelantan,2019,other_noncitizen,49.2
Kelantan,2020,overall,1792.5
Kelantan,2020,bumi_malay,1671.4
Kelantan,2020,bumi_other,25.4
Kelantan,2020,chinese,44.7
Kelantan,2020,indian,4.7
Kelantan,2020,other_citizen,11
Kelantan,2020,other_noncitizen,35.3
Kelantan,2021,overall,1812.3
Kelantan,2021,bumi_malay,1695
Kelantan,2021,bumi_other,21.9
Kelantan,2021,chinese,44.7
Kelantan,2021,indian,4.8
Kelantan,2021,other_citizen,11
Kelantan,2021,other_noncitizen,35
Kelantan,2022,overall,1830.6
Kelantan,2022,bumi_malay,1714.1
Kelantan,2022,bumi_other,22.2
Kelantan,2022,chinese,44.5
Kelantan,2022,indian,4.8
Kelantan,2022,other_citizen,11
Kelantan,2022,other_noncitizen,34.1
Kelantan,2023,overall,1859.8
Kelantan,2023,bumi_malay,1736.8
Kelantan,2023,bumi_other,22.5
Kelantan,2023,chinese,44.3
Kelantan,2023,indian,4.8
Kelantan,2023,other_citizen,11
Kelantan,2023,other_noncitizen,40.3
Kelantan,2024,overall,1887.9
Kelantan,2024,bumi_malay,1758
Kelantan,2024,bumi_other,22.8
Kelantan,2024,chinese,44.2
Kelantan,2024,indian,4.8
Kelantan,2024,other_citizen,11
Kelantan,2024,other_noncitizen,47.2
Kelantan,2025,overall,1907.7
Kelantan,2025,bumi_malay,1777.6
Kelantan,2025,bumi_other,23.1
Kelantan,2025,chinese,44.1
Kelantan,2025,indian,4.8
Kelantan,2025,other_citizen,11
Kelantan,2025,other_noncitizen,47.1
Melaka,2016,overall,901.1
Melaka,2016,bumi_malay,568.9
Melaka,2016,bumi_other,13.5
Melaka,2016,chinese,216.9
Melaka,2016,indian,50.6
Melaka,2016,other_citizen,4.6
Melaka,2016,other_noncitizen,47
Melaka,2017,overall,913.1
Melaka,2017,bumi_malay,578.8
Melaka,2017,bumi_other,14
Melaka,2017,chinese,216.8
Melaka,2017,indian,50.8
Melaka,2017,other_citizen,4.7
Melaka,2017,other_noncitizen,47.7
Melaka,2018,overall,922.4
Melaka,2018,bumi_malay,586.7
Melaka,2018,bumi_other,14.6
Melaka,2018,chinese,217.2
Melaka,2018,indian,51.1
Melaka,2018,other_citizen,5.1
Melaka,2018,other_noncitizen,47.7
Melaka,2019,overall,928.4
Melaka,2019,bumi_malay,594.5
Melaka,2019,bumi_other,14.9
Melaka,2019,chinese,217.4
Melaka,2019,indian,51.4
Melaka,2019,other_citizen,5.6
Melaka,2019,other_noncitizen,44.6
Melaka,2020,overall,998.4
Melaka,2020,bumi_malay,653.9
Melaka,2020,bumi_other,10.8
Melaka,2020,chinese,205.2
Melaka,2020,indian,52.4
Melaka,2020,other_citizen,5.1
Melaka,2020,other_noncitizen,71.1
Melaka,2021,overall,1004.5
Melaka,2021,bumi_malay,663.1
Melaka,2021,bumi_other,9.5
Melaka,2021,chinese,204.9
Melaka,2021,indian,52.4
Melaka,2021,other_citizen,5.2
Melaka,2021,other_noncitizen,69.3
Melaka,2022,overall,1008.6
Melaka,2022,bumi_malay,669.6
Melaka,2022,bumi_other,9.6
Melaka,2022,chinese,204.3
Melaka,2022,indian,52.4
Melaka,2022,other_citizen,5.2
Melaka,2022,other_noncitizen,67.5
Melaka,2023,overall,1028.3
Melaka,2023,bumi_malay,677
Melaka,2023,bumi_other,9.8
Melaka,2023,chinese,203.8
Melaka,2023,indian,52.4
Melaka,2023,other_citizen,5.2
Melaka,2023,other_noncitizen,80
Melaka,2024,overall,1046.7
Melaka,2024,bumi_malay,683.8
Melaka,2024,bumi_other,9.9
Melaka,2024,chinese,203.4
Melaka,2024,indian,52.4
Melaka,2024,other_citizen,5.3
Melaka,2024,other_noncitizen,91.8
Melaka,2025,overall,1052.5
Melaka,2025,bumi_malay,690.2
Melaka,2025,bumi_other,10
Melaka,2025,chinese,203
Melaka,2025,indian,52.4
Melaka,2025,other_citizen,5.3
Melaka,2025,other_noncitizen,91.5
"Negeri Sembilan",2016,overall,1099.3
"Negeri Sembilan",2016,bumi_malay,611.5
"Negeri Sembilan",2016,bumi_other,21.2
"Negeri Sembilan",2016,chinese,229.8
"Negeri Sembilan",2016,indian,153.7
"Negeri Sembilan",2016,other_citizen,4
"Negeri Sembilan",2016,other_noncitizen,79.2
"Negeri Sembilan",2017,overall,1114
"Negeri Sembilan",2017,bumi_malay,623.6
"Negeri Sembilan",2017,bumi_other,21.6
"Negeri Sembilan",2017,chinese,229.3
"Negeri Sembilan",2017,indian,154.3
"Negeri Sembilan",2017,other_citizen,3.7
"Negeri Sembilan",2017,other_noncitizen,81.6
"Negeri Sembilan",2018,overall,1122.9
"Negeri Sembilan",2018,bumi_malay,631.7
"Negeri Sembilan",2018,bumi_other,21.2
"Negeri Sembilan",2018,chinese,229.4
"Negeri Sembilan",2018,indian,154.1
"Negeri Sembilan",2018,other_citizen,3.8
"Negeri Sembilan",2018,other_noncitizen,83
"Negeri Sembilan",2019,overall,1126.2
"Negeri Sembilan",2019,bumi_malay,639.6
"Negeri Sembilan",2019,bumi_other,20.9
"Negeri Sembilan",2019,chinese,229.6
"Negeri Sembilan",2019,indian,154
"Negeri Sembilan",2019,other_citizen,3.9
"Negeri Sembilan",2019,other_noncitizen,78.2
"Negeri Sembilan",2020,overall,1200
"Negeri Sembilan",2020,bumi_malay,693.3
"Negeri Sembilan",2020,bumi_other,23.2
"Negeri Sembilan",2020,chinese,248.5
"Negeri Sembilan",2020,indian,161.6
"Negeri Sembilan",2020,other_citizen,5.7
"Negeri Sembilan",2020,other_noncitizen,67.7
"Negeri Sembilan",2021,overall,1204.2
"Negeri Sembilan",2021,bumi_malay,704.4
"Negeri Sembilan",2021,bumi_other,22
"Negeri Sembilan",2021,chinese,248.3
"Negeri Sembilan",2021,indian,162.4
"Negeri Sembilan",2021,other_citizen,5.8
"Negeri Sembilan",2021,other_noncitizen,61.3
"Negeri Sembilan",2022,overall,1207.9
"Negeri Sembilan",2022,bumi_malay,711.9
"Negeri Sembilan",2022,bumi_other,22.2
"Negeri Sembilan",2022,chinese,247.4
"Negeri Sembilan",2022,indian,162.4
"Negeri Sembilan",2022,other_citizen,5.8
"Negeri Sembilan",2022,other_noncitizen,58.1
"Negeri Sembilan",2023,overall,1224.9
"Negeri Sembilan",2023,bumi_malay,720
"Negeri Sembilan",2023,bumi_other,22.5
"Negeri Sembilan",2023,chinese,246.7
"Negeri Sembilan",2023,indian,162.9
"Negeri Sembilan",2023,other_citizen,5.9
"Negeri Sembilan",2023,other_noncitizen,66.8
"Negeri Sembilan",2024,overall,1239.5
"Negeri Sembilan",2024,bumi_malay,727
"Negeri Sembilan",2024,bumi_other,22.9
"Negeri Sembilan",2024,chinese,245.9
"Negeri Sembilan",2024,indian,163.1
"Negeri Sembilan",2024,other_citizen,6
"Negeri Sembilan",2024,other_noncitizen,74.5
"Negeri Sembilan",2025,overall,1244.6
"Negeri Sembilan",2025,bumi_malay,733.5
"Negeri Sembilan",2025,bumi_other,23.2
"Negeri Sembilan",2025,chinese,245.2
"Negeri Sembilan",2025,indian,163.2
"Negeri Sembilan",2025,other_citizen,6.1
"Negeri Sembilan",2025,other_noncitizen,73.5
Pahang,2016,overall,1626.7
Pahang,2016,bumi_malay,1141.6
Pahang,2016,bumi_other,77.9
Pahang,2016,chinese,232.6
Pahang,2016,indian,64.9
Pahang,2016,other_citizen,5.6
Pahang,2016,other_noncitizen,104.4
Pahang,2017,overall,1647
Pahang,2017,bumi_malay,1156.8
Pahang,2017,bumi_other,79.5
Pahang,2017,chinese,232.7
Pahang,2017,indian,65.3
Pahang,2017,other_citizen,5.8
Pahang,2017,other_noncitizen,106.9
Pahang,2018,overall,1664.7
Pahang,2018,bumi_malay,1170.4
Pahang,2018,bumi_other,80.7
Pahang,2018,chinese,232.7
Pahang,2018,indian,66.5
Pahang,2018,other_citizen,6.1
Pahang,2018,other_noncitizen,108.2
Pahang,2019,overall,1671.4
Pahang,2019,bumi_malay,1183.9
Pahang,2019,bumi_other,82.5
Pahang,2019,chinese,232.6
Pahang,2019,indian,67.7
Pahang,2019,other_citizen,6.3
Pahang,2019,other_noncitizen,98.9
Pahang,2020,overall,1591.3
Pahang,2020,bumi_malay,1134.2
Pahang,2020,bumi_other,92.2
Pahang,2020,chinese,221.7
Pahang,2020,indian,55.9
Pahang,2020,other_citizen,9.2
Pahang,2020,other_noncitizen,78.1
Pahang,2021,overall,1601.5
Pahang,2021,bumi_malay,1149.7
Pahang,2021,bumi_other,91.6
Pahang,2021,chinese,221.3
Pahang,2021,indian,55.8
Pahang,2021,other_citizen,9.3
Pahang,2021,other_noncitizen,73.8
Pahang,2022,overall,1614.3
Pahang,2022,bumi_malay,1161.4
Pahang,2022,bumi_other,92.9
Pahang,2022,chinese,220.6
Pahang,2022,indian,55.8
Pahang,2022,other_citizen,9.4
Pahang,2022,other_noncitizen,74.2
Pahang,2023,overall,1643.2
Pahang,2023,bumi_malay,1173.9
Pahang,2023,bumi_other,94.4
Pahang,2023,chinese,220
Pahang,2023,indian,55.8
Pahang,2023,other_citizen,9.5
Pahang,2023,other_noncitizen,89.6
Pahang,2024,overall,1667.7
Pahang,2024,bumi_malay,1184.9
Pahang,2024,bumi_other,95.8
Pahang,2024,chinese,219.2
Pahang,2024,indian,55.9
Pahang,2024,other_citizen,9.6
Pahang,2024,other_noncitizen,102.3
Pahang,2025,overall,1678.2
Pahang,2025,bumi_malay,1195
Pahang,2025,bumi_other,97.2
Pahang,2025,chinese,218.6
Pahang,2025,indian,55.9
Pahang,2025,other_citizen,9.7
Pahang,2025,other_noncitizen,101.9
Perak,2016,overall,2482.1
Perak,2016,bumi_malay,1315.8
Perak,2016,bumi_other,77.9
Perak,2016,chinese,700.1
Perak,2016,indian,280.4
Perak,2016,other_citizen,9.5
Perak,2016,other_noncitizen,98.6
Perak,2017,overall,2493.2
Perak,2017,bumi_malay,1327.9
Perak,2017,bumi_other,79
Perak,2017,chinese,695.9
Perak,2017,indian,279.5
Perak,2017,other_citizen,9.8
Perak,2017,other_noncitizen,100.9
Perak,2018,overall,2503.5
Perak,2018,bumi_malay,1338.5
Perak,2018,bumi_other,81.3
Perak,2018,chinese,694.1
Perak,2018,indian,277.4
Perak,2018,other_citizen,9.9
Perak,2018,other_noncitizen,102.1
Perak,2019,overall,2508.8
Perak,2019,bumi_malay,1350.3
Perak,2019,bumi_other,83
Perak,2019,chinese,692.2
Perak,2019,indian,275.7
Perak,2019,other_citizen,10
Perak,2019,other_noncitizen,97.7
Perak,2020,overall,2496
Perak,2020,bumi_malay,1364.8
Perak,2020,bumi_other,74.9
Perak,2020,chinese,643.6
Perak,2020,indian,270.8
Perak,2020,other_citizen,10.7
Perak,2020,other_noncitizen,131.2
Perak,2021,overall,2515.8
Perak,2021,bumi_malay,1385.7
Perak,2021,bumi_other,73.9
Perak,2021,chinese,642.9
Perak,2021,indian,271.7
Perak,2021,other_citizen,10.8
Perak,2021,other_noncitizen,130.8
Perak,2022,overall,2514.4
Perak,2022,bumi_malay,1396.8
Perak,2022,bumi_other,74.4
Perak,2022,chinese,638.3
Perak,2022,indian,271.2
Perak,2022,other_citizen,10.8
Perak,2022,other_noncitizen,122.9
Perak,2023,overall,2541.2
Perak,2023,bumi_malay,1409.1
Perak,2023,bumi_other,75.2
Perak,2023,chinese,634.5
Perak,2023,indian,270.9
Perak,2023,other_citizen,10.9
Perak,2023,other_noncitizen,140.6
Perak,2024,overall,2569.4
Perak,2024,bumi_malay,1420.5
Perak,2024,bumi_other,76.1
Perak,2024,chinese,630.8
Perak,2024,indian,270.7
Perak,2024,other_citizen,11
Perak,2024,other_noncitizen,160.4
Perak,2025,overall,2574.9
Perak,2025,bumi_malay,1430.1
Perak,2025,bumi_other,76.8
Perak,2025,chinese,627.2
Perak,2025,indian,270.2
Perak,2025,other_citizen,11
Perak,2025,other_noncitizen,159.5
Perlis,2016,overall,251
Perlis,2016,bumi_malay,214.3
Perlis,2016,bumi_other,0.9
Perlis,2016,chinese,19.2
Perlis,2016,indian,3.1
Perlis,2016,other_citizen,4.9
Perlis,2016,other_noncitizen,8.7
Perlis,2017,overall,252
Perlis,2017,bumi_malay,215.4
Perlis,2017,bumi_other,1
Perlis,2017,chinese,18.9
Perlis,2017,indian,3.1
Perlis,2017,other_citizen,4.8
Perlis,2017,other_noncitizen,8.9
Perlis,2018,overall,253.5
Perlis,2018,bumi_malay,217
Perlis,2018,bumi_other,1.1
Perlis,2018,chinese,18.9
Perlis,2018,indian,3.1
Perlis,2018,other_citizen,4.8
Perlis,2018,other_noncitizen,8.9
Perlis,2019,overall,254
Perlis,2019,bumi_malay,217.7
Perlis,2019,bumi_other,1.1
Perlis,2019,chinese,18.9
Perlis,2019,indian,3.1
Perlis,2019,other_citizen,4.9
Perlis,2019,other_noncitizen,8.1
Perlis,2020,overall,284.9
Perlis,2020,bumi_malay,245.4
Perlis,2020,bumi_other,1.9
Perlis,2020,chinese,20.5
Perlis,2020,indian,5.1
Perlis,2020,other_citizen,5.6
Perlis,2020,other_noncitizen,6.4
Perlis,2021,overall,287.6
Perlis,2021,bumi_malay,247.8
Perlis,2021,bumi_other,1.5
Perlis,2021,chinese,20.4
Perlis,2021,indian,5.1
Perlis,2021,other_citizen,5.7
Perlis,2021,other_noncitizen,7.3
Perlis,2022,overall,289.8
Perlis,2022,bumi_malay,249.4
Perlis,2022,bumi_other,1.5
Perlis,2022,chinese,20.2
Perlis,2022,indian,5.1
Perlis,2022,other_citizen,5.7
Perlis,2022,other_noncitizen,7.9
Perlis,2023,overall,293.1
Perlis,2023,bumi_malay,250.9
Perlis,2023,bumi_other,1.5
Perlis,2023,chinese,20.1
Perlis,2023,indian,5.1
Perlis,2023,other_citizen,5.7
Perlis,2023,other_noncitizen,9.8
Perlis,2024,overall,296.8
Perlis,2024,bumi_malay,252.5
Perlis,2024,bumi_other,1.5
Perlis,2024,chinese,20
Perlis,2024,indian,5.1
Perlis,2024,other_citizen,5.7
Perlis,2024,other_noncitizen,11.9
Perlis,2025,overall,297.8
Perlis,2025,bumi_malay,253.8
Perlis,2025,bumi_other,1.5
Perlis,2025,chinese,19.9
Perlis,2025,indian,5.1
Perlis,2025,other_citizen,5.8
Perlis,2025,other_noncitizen,11.7
"Pulau Pinang",2016,overall,1717.7
"Pulau Pinang",2016,bumi_malay,707.1
"Pulau Pinang",2016,bumi_other,4.6
"Pulau Pinang",2016,chinese,688.9
"Pulau Pinang",2016,indian,165.7
"Pulau Pinang",2016,other_citizen,5
"Pulau Pinang",2016,other_noncitizen,146.3
"Pulau Pinang",2017,overall,1744.1
"Pulau Pinang",2017,bumi_malay,723.3
"Pulau Pinang",2017,bumi_other,5
"Pulau Pinang",2017,chinese,694.2
"Pulau Pinang",2017,indian,166.1
"Pulau Pinang",2017,other_citizen,5
"Pulau Pinang",2017,other_noncitizen,150.3
"Pulau Pinang",2018,overall,1762.8
"Pulau Pinang",2018,bumi_malay,739.4
"Pulau Pinang",2018,bumi_other,5.3
"Pulau Pinang",2018,chinese,694.2
"Pulau Pinang",2018,indian,166.5
"Pulau Pinang",2018,other_citizen,5
"Pulau Pinang",2018,other_noncitizen,152.3
"Pulau Pinang",2019,overall,1768.8
"Pulau Pinang",2019,bumi_malay,753.9
"Pulau Pinang",2019,bumi_other,5.5
"Pulau Pinang",2019,chinese,694
"Pulau Pinang",2019,indian,166.8
"Pulau Pinang",2019,other_citizen,5.1
"Pulau Pinang",2019,other_noncitizen,143.4
"Pulau Pinang",2020,overall,1740.4
"Pulau Pinang",2020,bumi_malay,707.9
"Pulau Pinang",2020,bumi_other,8
"Pulau Pinang",2020,chinese,718.4
"Pulau Pinang",2020,indian,155.5
"Pulau Pinang",2020,other_citizen,10.1
"Pulau Pinang",2020,other_noncitizen,140.5
"Pulau Pinang",2021,overall,1740
"Pulau Pinang",2021,bumi_malay,715.3
"Pulau Pinang",2021,bumi_other,6.9
"Pulau Pinang",2021,chinese,718.2
"Pulau Pinang",2021,indian,155.5
"Pulau Pinang",2021,other_citizen,10.2
"Pulau Pinang",2021,other_noncitizen,133.8
"Pulau Pinang",2022,overall,1740.9
"Pulau Pinang",2022,bumi_malay,721.4
"Pulau Pinang",2022,bumi_other,7
"Pulau Pinang",2022,chinese,715.2
"Pulau Pinang",2022,indian,155.1
"Pulau Pinang",2022,other_citizen,10.2
"Pulau Pinang",2022,other_noncitizen,132
"Pulau Pinang",2023,overall,1772.6
"Pulau Pinang",2023,bumi_malay,728.8
"Pulau Pinang",2023,bumi_other,7.1
"Pulau Pinang",2023,chinese,713.2
"Pulau Pinang",2023,indian,155.1
"Pulau Pinang",2023,other_citizen,10.2
"Pulau Pinang",2023,other_noncitizen,158.2
"Pulau Pinang",2024,overall,1800.5
"Pulau Pinang",2024,bumi_malay,735.8
"Pulau Pinang",2024,bumi_other,7.2
"Pulau Pinang",2024,chinese,711.2
"Pulau Pinang",2024,indian,155
"Pulau Pinang",2024,other_citizen,10.3
"Pulau Pinang",2024,other_noncitizen,181
"Pulau Pinang",2025,overall,1803.3
"Pulau Pinang",2025,bumi_malay,741.6
"Pulau Pinang",2025,bumi_other,7.3
"Pulau Pinang",2025,chinese,709.2
"Pulau Pinang",2025,indian,154.9
"Pulau Pinang",2025,other_citizen,10.3
"Pulau Pinang",2025,other_noncitizen,179.9
Sabah,2016,overall,3802.8
Sabah,2016,bumi_malay,281.5
Sabah,2016,bumi_other,1951.3
Sabah,2016,chinese,307
Sabah,2016,indian,12.3
Sabah,2016,other_citizen,121.4
Sabah,2016,other_noncitizen,1129.2
Sabah,2017,overall,3855.9
Sabah,2017,bumi_malay,288.3
Sabah,2017,bumi_other,1976.7
Sabah,2017,chinese,307
Sabah,2017,indian,13.1
Sabah,2017,other_citizen,123
Sabah,2017,other_noncitizen,1148
Sabah,2018,overall,3898.4
Sabah,2018,bumi_malay,295.3
Sabah,2018,bumi_other,1999.3
Sabah,2018,chinese,306.9
Sabah,2018,indian,13.2
Sabah,2018,other_citizen,125.1
Sabah,2018,other_noncitizen,1158.7
Sabah,2019,overall,3904.4
Sabah,2019,bumi_malay,302.7
Sabah,2019,bumi_other,2026.6
Sabah,2019,chinese,307.2
Sabah,2019,indian,13.3
Sabah,2019,other_citizen,127.2
Sabah,2019,other_noncitizen,1127.1
Sabah,2020,overall,3418.8
Sabah,2020,bumi_malay,236.9
Sabah,2020,bumi_other,2076.5
Sabah,2020,chinese,248.9
Sabah,2020,indian,6
Sabah,2020,other_citizen,40
Sabah,2020,other_noncitizen,810.4
Sabah,2021,overall,3412.6
Sabah,2021,bumi_malay,312.2
Sabah,2021,bumi_other,2025.7
Sabah,2021,chinese,248
Sabah,2021,indian,5.9
Sabah,2021,other_citizen,41.4
Sabah,2021,other_noncitizen,779.5
Sabah,2022,overall,3414.9
Sabah,2022,bumi_malay,316.1
Sabah,2022,bumi_other,2040.4
Sabah,2022,chinese,246.1
Sabah,2022,indian,5.9
Sabah,2022,other_citizen,42.3
Sabah,2022,other_noncitizen,764.2
Sabah,2023,overall,3596.7
Sabah,2023,bumi_malay,321.7
Sabah,2023,bumi_other,2059.7
Sabah,2023,chinese,244.8
Sabah,2023,indian,5.9
Sabah,2023,other_citizen,43.6
Sabah,2023,other_noncitizen,921.1
Sabah,2024,overall,3742
Sabah,2024,bumi_malay,326.6
Sabah,2024,bumi_other,2077.6
Sabah,2024,chinese,243.5
Sabah,2024,indian,5.9
Sabah,2024,other_citizen,44.8
Sabah,2024,other_noncitizen,1043.6
Sabah,2025,overall,3759.6
Sabah,2025,bumi_malay,331.1
Sabah,2025,bumi_other,2094.3
Sabah,2025,chinese,242.1
Sabah,2025,indian,5.9
Sabah,2025,other_citizen,46
Sabah,2025,other_noncitizen,1040.2
Sarawak,2016,overall,2738.7
Sarawak,2016,bumi_malay,624.7
Sarawak,2016,bumi_other,1307.5
Sarawak,2016,chinese,615.8
Sarawak,2016,indian,7.5
Sarawak,2016,other_citizen,7.9
Sarawak,2016,other_noncitizen,175.3
Sarawak,2017,overall,2766.3
Sarawak,2017,bumi_malay,633
Sarawak,2017,bumi_other,1320.1
Sarawak,2017,chinese,619.2
Sarawak,2017,indian,7.6
Sarawak,2017,other_citizen,7.9
Sarawak,2017,other_noncitizen,178.8
Sarawak,2018,overall,2791.7
Sarawak,2018,bumi_malay,640.3
Sarawak,2018,bumi_other,1332.8
Sarawak,2018,chinese,622
Sarawak,2018,indian,7.7
Sarawak,2018,other_citizen,8.1
Sarawak,2018,other_noncitizen,180.7
Sarawak,2019,overall,2806
Sarawak,2019,bumi_malay,647.7
Sarawak,2019,bumi_other,1345.7
Sarawak,2019,chinese,625
Sarawak,2019,indian,7.7
Sarawak,2019,other_citizen,8.2
Sarawak,2019,other_noncitizen,171.4
Sarawak,2020,overall,2453.7
Sarawak,2020,bumi_malay,575.4
Sarawak,2020,bumi_other,1187
Sarawak,2020,chinese,554.6
Sarawak,2020,indian,5.1
Sarawak,2020,other_citizen,6.3
Sarawak,2020,other_noncitizen,125.3
Sarawak,2021,overall,2465.6
Sarawak,2021,bumi_malay,585.3
Sarawak,2021,bumi_other,1193.5
Sarawak,2021,chinese,556.2
Sarawak,2021,indian,5
Sarawak,2021,other_citizen,6.4
Sarawak,2021,other_noncitizen,119.1
Sarawak,2022,overall,2473.5
Sarawak,2022,bumi_malay,591
Sarawak,2022,bumi_other,1199.1
Sarawak,2022,chinese,555.8
Sarawak,2022,indian,5
Sarawak,2022,other_citizen,6.5
Sarawak,2022,other_noncitizen,116.2
Sarawak,2023,overall,2502.3
Sarawak,2023,bumi_malay,597.6
Sarawak,2023,bumi_other,1209
Sarawak,2023,chinese,556.6
Sarawak,2023,indian,5
Sarawak,2023,other_citizen,6.5
Sarawak,2023,other_noncitizen,127.6
Sarawak,2024,overall,2517.5
Sarawak,2024,bumi_malay,603.2
Sarawak,2024,bumi_other,1217.6
Sarawak,2024,chinese,557.4
Sarawak,2024,indian,5
Sarawak,2024,other_citizen,6.6
Sarawak,2024,other_noncitizen,127.7
Sarawak,2025,overall,2529.8
Sarawak,2025,bumi_malay,608.3
Sarawak,2025,bumi_other,1225.1
Sarawak,2025,chinese,558
Sarawak,2025,indian,5
Sarawak,2025,other_citizen,6.6
Sarawak,2025,other_noncitizen,126.8
Selangor,2016,overall,6291.5
Selangor,2016,bumi_malay,3240.5
Selangor,2016,bumi_other,85.1
Selangor,2016,chinese,1544
Selangor,2016,indian,719.6
Selangor,2016,other_citizen,45.2
Selangor,2016,other_noncitizen,656.9
Selangor,2017,overall,6380.7
Selangor,2017,bumi_malay,3301.5
Selangor,2017,bumi_other,86.4
Selangor,2017,chinese,1553.4
Selangor,2017,indian,724
Selangor,2017,other_citizen,47.4
Selangor,2017,other_noncitizen,668.4
Selangor,2018,overall,6475
Selangor,2018,bumi_malay,3369.9
Selangor,2018,bumi_other,90.4
Selangor,2018,chinese,1560.3
Selangor,2018,indian,727.8
Selangor,2018,other_citizen,49.1
Selangor,2018,other_noncitizen,677.5
Selangor,2019,overall,6506.1
Selangor,2019,bumi_malay,3436.3
Selangor,2019,bumi_other,94.8
Selangor,2019,chinese,1567.1
Selangor,2019,indian,731
Selangor,2019,other_citizen,50.6
Selangor,2019,other_noncitizen,626.7
Selangor,2020,overall,6994.4
Selangor,2020,bumi_malay,3806.2
Selangor,2020,bumi_other,89.7
Selangor,2020,chinese,1756.2
Selangor,2020,indian,726
Selangor,2020,other_citizen,52.4
Selangor,2020,other_noncitizen,564
Selangor,2021,overall,7014.7
Selangor,2021,bumi_malay,3865.7
Selangor,2021,bumi_other,81
Selangor,2021,chinese,1759
Selangor,2021,indian,728.2
Selangor,2021,other_citizen,53.9
Selangor,2021,other_noncitizen,526.9
Selangor,2022,overall,7050.3
Selangor,2022,bumi_malay,3907.9
Selangor,2022,bumi_other,82.2
Selangor,2022,chinese,1757.8
Selangor,2022,indian,727.6
Selangor,2022,other_citizen,54.9
Selangor,2022,other_noncitizen,519.9
Selangor,2023,overall,7209.7
Selangor,2023,bumi_malay,3956.8
Selangor,2023,bumi_other,83.7
Selangor,2023,chinese,1758.7
Selangor,2023,indian,729.1
Selangor,2023,other_citizen,56.4
Selangor,2023,other_noncitizen,624.9
Selangor,2024,overall,7362.7
Selangor,2024,bumi_malay,4001.7
Selangor,2024,bumi_other,85.3
Selangor,2024,chinese,1758.9
Selangor,2024,indian,730.4
Selangor,2024,other_citizen,57.7
Selangor,2024,other_noncitizen,728.7
Selangor,2025,overall,7406.8
Selangor,2025,bumi_malay,4042.5
Selangor,2025,bumi_other,86.9
Selangor,2025,chinese,1759.6
Selangor,2025,indian,731.1
Selangor,2025,other_citizen,58.9
Selangor,2025,other_noncitizen,727.9
Terengganu,2016,overall,1183.4
Terengganu,2016,bumi_malay,1113.1
Terengganu,2016,bumi_other,3.8
Terengganu,2016,chinese,28.3
Terengganu,2016,indian,2.4
Terengganu,2016,other_citizen,2.4
Terengganu,2016,other_noncitizen,33.6
Terengganu,2017,overall,1208
Terengganu,2017,bumi_malay,1135.6
Terengganu,2017,bumi_other,3.8
Terengganu,2017,chinese,28.4
Terengganu,2017,indian,2.5
Terengganu,2017,other_citizen,3.2
Terengganu,2017,other_noncitizen,34.7
Terengganu,2018,overall,1228.3
Terengganu,2018,bumi_malay,1154.6
Terengganu,2018,bumi_other,3.8
Terengganu,2018,chinese,28.5
Terengganu,2018,indian,2.5
Terengganu,2018,other_citizen,3.3
Terengganu,2018,other_noncitizen,35.4
Terengganu,2019,overall,1244.5
Terengganu,2019,bumi_malay,1174.3
Terengganu,2019,bumi_other,4
Terengganu,2019,chinese,28.5
Terengganu,2019,indian,2.5
Terengganu,2019,other_citizen,3.3
Terengganu,2019,other_noncitizen,32.2
Terengganu,2020,overall,1149.4
Terengganu,2020,bumi_malay,1090.4
Terengganu,2020,bumi_other,5.2
Terengganu,2020,chinese,23.2
Terengganu,2020,indian,2.1
Terengganu,2020,other_citizen,2.2
Terengganu,2020,other_noncitizen,26.4
Terengganu,2021,overall,1170.7
Terengganu,2021,bumi_malay,1111.2
Terengganu,2021,bumi_other,3.3
Terengganu,2021,chinese,23
Terengganu,2021,indian,2.1
Terengganu,2021,other_citizen,2.2
Terengganu,2021,other_noncitizen,28.8
Terengganu,2022,overall,1186.6
Terengganu,2022,bumi_malay,1127.4
Terengganu,2022,bumi_other,3.3
Terengganu,2022,chinese,22.9
Terengganu,2022,indian,2.1
Terengganu,2022,other_citizen,2.3
Terengganu,2022,other_noncitizen,28.6
Terengganu,2023,overall,1210
Terengganu,2023,bumi_malay,1145.1
Terengganu,2023,bumi_other,3.3
Terengganu,2023,chinese,22.8
Terengganu,2023,indian,2.1
Terengganu,2023,other_citizen,2.3
Terengganu,2023,other_noncitizen,34.4
Terengganu,2024,overall,1231.5
Terengganu,2024,bumi_malay,1161.8
Terengganu,2024,bumi_other,3.4
Terengganu,2024,chinese,22.7
Terengganu,2024,indian,2.1
Terengganu,2024,other_citizen,2.3
Terengganu,2024,other_noncitizen,39.3
Terengganu,2025,overall,1246.9
Terengganu,2025,bumi_malay,1177.5
Terengganu,2025,bumi_other,3.4
Terengganu,2025,chinese,22.6
Terengganu,2025,indian,2
Terengganu,2025,other_citizen,2.3
Terengganu,2025,other_noncitizen,39
"W.P. Kuala Lumpur",2016,overall,1789.7
"W.P. Kuala Lumpur",2016,bumi_malay,700.8
"W.P. Kuala Lumpur",2016,bumi_other,21.6
"W.P. Kuala Lumpur",2016,chinese,654.9
"W.P. Kuala Lumpur",2016,indian,151.7
"W.P. Kuala Lumpur",2016,other_citizen,17.9
"W.P. Kuala Lumpur",2016,other_noncitizen,242.7
"W.P. Kuala Lumpur",2017,overall,1793.2
"W.P. Kuala Lumpur",2017,bumi_malay,702.2
"W.P. Kuala Lumpur",2017,bumi_other,21.8
"W.P. Kuala Lumpur",2017,chinese,654.5
"W.P. Kuala Lumpur",2017,indian,151.3
"W.P. Kuala Lumpur",2017,other_citizen,18.4
"W.P. Kuala Lumpur",2017,other_noncitizen,245.1
"W.P. Kuala Lumpur",2018,overall,1790
"W.P. Kuala Lumpur",2018,bumi_malay,698.8
"W.P. Kuala Lumpur",2018,bumi_other,21.1
"W.P. Kuala Lumpur",2018,chinese,654.2
"W.P. Kuala Lumpur",2018,indian,151.4
"W.P. Kuala Lumpur",2018,other_citizen,18.9
"W.P. Kuala Lumpur",2018,other_noncitizen,246
"W.P. Kuala Lumpur",2019,overall,1782.5
"W.P. Kuala Lumpur",2019,bumi_malay,698.5
"W.P. Kuala Lumpur",2019,bumi_other,20.2
"W.P. Kuala Lumpur",2019,chinese,654.9
"W.P. Kuala Lumpur",2019,indian,151.8
"W.P. Kuala Lumpur",2019,other_citizen,19.5
"W.P. Kuala Lumpur",2019,other_noncitizen,237.6
"W.P. Kuala Lumpur",2020,overall,1982.1
"W.P. Kuala Lumpur",2020,bumi_malay,824.6
"W.P. Kuala Lumpur",2020,bumi_other,21.7
"W.P. Kuala Lumpur",2020,chinese,737.2
"W.P. Kuala Lumpur",2020,indian,178.1
"W.P. Kuala Lumpur",2020,other_citizen,12.1
"W.P. Kuala Lumpur",2020,other_noncitizen,208.4
"W.P. Kuala Lumpur",2021,overall,1964
"W.P. Kuala Lumpur",2021,bumi_malay,829.7
"W.P. Kuala Lumpur",2021,bumi_other,19.6
"W.P. Kuala Lumpur",2021,chinese,732.4
"W.P. Kuala Lumpur",2021,indian,177.5
"W.P. Kuala Lumpur",2021,other_citizen,12.4
"W.P. Kuala Lumpur",2021,other_noncitizen,192.4
"W.P. Kuala Lumpur",2022,overall,1961.2
"W.P. Kuala Lumpur",2022,bumi_malay,837.2
"W.P. Kuala Lumpur",2022,bumi_other,19.9
"W.P. Kuala Lumpur",2022,chinese,730.7
"W.P. Kuala Lumpur",2022,indian,177
"W.P. Kuala Lumpur",2022,other_citizen,12.7
"W.P. Kuala Lumpur",2022,other_noncitizen,183.6
"W.P. Kuala Lumpur",2023,overall,2005.7
"W.P. Kuala Lumpur",2023,bumi_malay,846.4
"W.P. Kuala Lumpur",2023,bumi_other,20.3
"W.P. Kuala Lumpur",2023,chinese,730.5
"W.P. Kuala Lumpur",2023,indian,177
"W.P. Kuala Lumpur",2023,other_citizen,13.1
"W.P. Kuala Lumpur",2023,other_noncitizen,218.6
"W.P. Kuala Lumpur",2024,overall,2067.5
"W.P. Kuala Lumpur",2024,bumi_malay,855
"W.P. Kuala Lumpur",2024,bumi_other,20.6
"W.P. Kuala Lumpur",2024,chinese,730
"W.P. Kuala Lumpur",2024,indian,177
"W.P. Kuala Lumpur",2024,other_citizen,13.5
"W.P. Kuala Lumpur",2024,other_noncitizen,271.5
"W.P. Kuala Lumpur",2025,overall,2074.1
"W.P. Kuala Lumpur",2025,bumi_malay,862.3
"W.P. Kuala Lumpur",2025,bumi_other,21
"W.P. Kuala Lumpur",2025,chinese,729.5
"W.P. Kuala Lumpur",2025,indian,176.9
"W.P. Kuala Lumpur",2025,other_citizen,13.8
"W.P. Kuala Lumpur",2025,other_noncitizen,270.7
"W.P. Labuan",2016,overall,96.8
"W.P. Labuan",2016,bumi_malay,33.2
"W.P. Labuan",2016,bumi_other,39.7
"W.P. Labuan",2016,chinese,9.5
"W.P. Labuan",2016,indian,0.7
"W.P. Labuan",2016,other_citizen,2.5
"W.P. Labuan",2016,other_noncitizen,10.7
"W.P. Labuan",2017,overall,97.6
"W.P. Labuan",2017,bumi_malay,32.9
"W.P. Labuan",2017,bumi_other,40.8
"W.P. Labuan",2017,chinese,9.5
"W.P. Labuan",2017,indian,0.8
"W.P. Labuan",2017,other_citizen,2.7
"W.P. Labuan",2017,other_noncitizen,11
"W.P. Labuan",2018,overall,99
"W.P. Labuan",2018,bumi_malay,33.6
"W.P. Labuan",2018,bumi_other,41.2
"W.P. Labuan",2018,chinese,9.6
"W.P. Labuan",2018,indian,0.8
"W.P. Labuan",2018,other_citizen,2.8
